ID,Name,BirthDate,Pos,NHL
fedotiv01,Ivan Fedotov,1996-11-28,G,PHI
heinovi01,Ville Heinola,2001-03-02,D,WPG
hussovi01,Ville Husso,1995-02-06,G,ANA
mottety01,Tyler Motte,1995-03-10,C,FLA
pezzemi01,Michael Pezzetta,1998-03-13,C,MTL
ponomva01,Vasiliy Ponomarev,2002-03-13,C,CAR
reimeja01,James Reimer,1988-03-15,G,TOR
abolsro01,Rodrigo Abols,1996-01-05,C,PHI
acciano01,Noel Acciari,1991-12-01,C,PIT
addisca01,Calen Addison,2000-04-11,D,PIT
ahose01,Sebastian Aho,1997-07-26,F,CAR
aitchka01,Kashawn Aitcheson,2006-09-21,D,NYI
akeybe01,Beau Akey,2005-02-11,D,EDM
akhtyar01,Artur Akhtyamov,2001-10-31,G,TOR
alexeal01,Alexander Alexeyev,1999-11-15,D,WSH
allanno01,Nolan Allan,2003-04-28,D,CHI
allenja01,Jake Allen,1990-08-07,G,NJD
amadimi01,Michael Amadio,1996-05-13,C,OTT
amanni01,Nils Åman,2000-02-07,C,VAN
amicoca01,Carter Amico,2007-03-15,D,PHI
anderfr01,Frederik Andersen,1989-10-02,G,CAR
anderjo05,Josh Anderson,1994-05-07,RW,MTL
andermi02,Michael Anderson,1999-05-25,D,LAK
anderra01,Rasmus Andersson,1996-10-27,D,CGY
andraem01,Emil Andrae,2002-02-23,D,PHI
andrepy01,Pyotr Andreyanov,2007-01-22,G,CBJ
annunju01,Justus Annunen,2000-03-11,G,NSH
applema01,Mason Appleton,1996-01-15,C,DET
armiajo01,Joel Armia,1993-05-31,RW,LAK
artamni01,Nikita Artamonov,2005-11-17,LW,CAR
arvidvi01,Viktor Arvidsson,1993-04-08,LW,BOS
askarya01,Yaroslav Askarov,2002-06-16,G,SJS
aubekni01,Nicolas Aubé-Kubel,1996-05-10,RW,PHI
audymjo01,Jonathan Marchessault,1990-12-27,C,NSH
augustr01,Trey Augustine,2005-02-23,G,DET
backlmi01,Mikael Backlund,1989-03-17,C,CGY
backos01,Oskar Back,2000-03-12,C,DAL
badindo01,Dominik Badinka,2005-11-27,D,CAR
bahlke01,Kevin Bahl,2000-06-27,D,CGY
bainsar01,Arshdeep Bains,2001-01-09,F,VAN
balinuv01,Uvis Balinskis,1996-08-01,D,FLA
barbaiv01,Ivan Barbashev,1995-12-14,C,VEG
bardaza01,Zakhar Bardakov,2001-02-24,C,COL
barkede01,Denver Barkey,2005-04-27,C,PHI
barkoal01,Aleksander Barkov,1995-09-02,C,FLA
barloco01,Colby Barlow,2005-02-14,LW,WPG
barroju01,Justin Barron,2001-11-15,D,NSH
barromo01,Morgan Barron,1998-12-02,C,WPG
barzama01,Mathew Barzal,1997-05-26,C,NYI
bashaan01,Andrew Basha,2005-11-08,F,CGY
bastina01,Nathan Bastian,1997-12-06,RW,DAL
bathedr01,Drake Batherson,1998-04-27,C,OTT
beanja01,Jake Bean,1998-06-09,D,CGY
bearca01,Carter Bear,2006-11-04,LW,DET
beaudco01,Cole Beaudoin,2006-04-24,C,UTA
beauvan01,Anthony Beauvillier,1997-06-08,LW,WSH
beckow01,Owen Beck,2004-02-03,C,MTL
bedarco01,Connor Bedard,2005-07-17,C,CHI
bedkoda01,David Bedkowski,2006-12-07,D,BUF
behrese01,Sean Behrens,2003-03-31,D,COL
bellewi01,William Belle,2007-01-14,RW,TOR
benakad01,Adam Benak,2007-04-10,C,MIN
beniema01,Matthew Beniers,2002-11-05,C,SEA
bennesa01,Sam Bennett,1996-06-20,C,FLA
bennimi01,Michael Benning,2002-01-05,D,FLA
bennja01,Jamie Benn,1989-07-18,LW,DAL
benoisi01,Simon Benoit,1998-09-19,D,TOR
bensoza01,Zach Benson,2005-05-12,LW,BUF
berarbr02,Brett Berard,2002-09-09,LW,NYR
berezma01,Maksim Berezkin,2001-10-12,LW,EDM
berggjo02,Jonatan Berggren,2000-07-16,RW,DET
berglja01,Jack Berglund,2006-04-10,F,PHI
bernaja01,Jacob Bernard-Docker,2000-06-30,D,DET
bertutr01,Tristan Bertucci,2005-07-12,D,DAL
bertuty01,Tyler Bertuzzi,1995-02-24,LW,CHI
bichsli01,Lian Bichsel,2004-05-18,D,DAL
binnijo01,Jordan Binnington,1993-07-11,G,STL
bjarnca01,Carson Bjarnason,2005-06-30,G,PHI
bjorkol01,Oliver Bjorkstrand,1995-04-10,RW,TBL
bjugsni01,Nick Bjugstad,1992-07-17,C,STL
blackco01,Colin Blackwell,1993-03-28,C,DAL
blackma01,Mackenzie Blackwood,1996-12-09,G,COL
blakeja02,Jackson Blake,2003-08-03,RW,CAR
blankni01,Nick Blankenburg,1998-05-12,D,NSH
blomqjo01,Joel Blomqvist,2002-01-10,G,PIT
bluegte01,Teddy Blueger,1994-08-15,C,VAN
blumema01,Matěj Blümel,2000-05-31,RW,EDM
bobrose01,Sergei Bobrovsky,1988-09-20,G,FLA
boesebr01,Brock Boeser,1997-02-25,RW,VAN
bogosza01,Zach Bogosian,1990-07-15,D,MIN
boisvsa01,Sacha Boisvert,2006-03-17,F,CHI
bolduza01,Zachary Bolduc,2003-02-24,C,MTL
boldyma01,Matt Boldy,2001-04-05,LW,MIN
bonkol01,Oliver Bonk,2005-01-09,D,PHI
boqviad01,Adam Boqvist,2000-08-15,D,NYI
boqvije01,Jesper Boqvist,1998-10-30,C,FLA
borgewi01,William Borgen,1996-12-19,D,NYR
bouchev01,Evan Bouchard,1999-10-20,D,EDM
boumesa01,Sascha Boumedienne,2007-01-17,D,WPG
bourqma01,Mavrik Bourque,2002-01-08,C,DAL
brandmi01,Michael Brandsegg-Nygard,2005-10-05,F,DET
brattje01,Jesper Bratt,1998-07-30,W,NJD
brazeju01,Justin Brazeau,1998-02-02,F,PIT
brindga01,Gavin Brindley,2004-10-05,C,COL
brinkbo01,Bobby Brink,2001-07-08,RW,PHI
brissbr01,Brendan Brisson,2001-10-22,C,VEG
brobeph01,Philip Broberg,2001-06-25,D,STL
brodijo01,Jonas Brodin,1993-07-12,D,MIN
broditj01,T.J. Brodie,1990-06-07,D,CGY
brodzjo01,Jonny Brodzinski,1993-06-19,C,NYR
brossla01,Laurent Brossoit,1993-03-23,G,CHI
brownco02,Connor Brown,1994-01-14,RW,NJD
brownjo01,Josh Brown,1994-01-21,D,FLA
broztr01,Tristan Broz,2002-10-10,C,PIT
bruniha01,Harrison Brunicke,2006-05-08,D,PIT
brysoja01,Jacob Bryson,1997-11-18,D,BUF
brzushe01,Henry Brzustewicz,2007-02-09,D,LAK
brzushu01,Hunter Brzustewicz,2004-11-29,D,VAN
buchedm01,Dmitri Buchelnikov,2003-09-06,LW,DET
buchnpa01,Pavel Buchnevich,1995-04-17,LW,STL
buiumsh01,Shai Buium,2003-03-26,D,DET
buiumze01,Zeev Buium,2005-12-07,D,MIN
bumpal01,Alex Bump,2003-11-20,LW,PHI
buntimi01,Michael Bunting,1995-09-17,LW,NSH
burakan01,André Burakovsky,1995-02-09,LW,CHI
burnsbr01,Brent Burns,1985-03-09,D,COL
butda01,Danil But,2005-02-15,LW,UTA
byfiequ01,Quinton Byfield,2002-08-19,C,LAK
byrambo01,Bowen Byram,2001-06-13,D,BUF
bystefi01,Filip Bystedt,2004-02-04,C,SJS
cagnolu01,Luca Cagnoni,2004-12-21,D,SJS
carboju01,Justin Carbonneau,2006-11-25,RW,STL
carcomi01,Michael Carcone,1996-05-19,F,UTA
carlobr01,Brandon Carlo,1996-11-26,D,TOR
carlsjo01,John Carlson,1990-01-10,D,WSH
carlsle01,Leo Carlsson,2004-12-26,C,ANA
carrial01,Alexandre Carrier,1996-10-08,D,MTL
carrisa01,Sam Carrick,1992-02-04,C,NYR
carriwi01,William Carrier,1994-12-20,LW,CAR
caseyse01,Seamus Casey,2004-01-08,D,NJD
catafma01,Mathieu Cataford,2005-03-01,C,VEG
catesno01,Noah Cates,1999-02-05,LW,PHI
cattobe01,Berkly Catton,2006-01-14,F,SEA
caufico01,Cole Caufield,2001-01-02,RW,MTL
cecico01,Cody Ceci,1993-12-21,D,LAK
celebma01,Macklin Celebrini,2006-06-13,F,SJS
cernaer01,Erik Černák,1997-05-28,D,TBL
cerrach01,Charlie Cerrato,2005-03-10,C,CAR
chaboth01,Thomas Chabot,1997-01-30,D,OTT
chadwno01,Noah Chadwick,2005-05-10,D,TOR
chaffmi01,Mitchell Chaffee,1998-01-26,F,TBL
chatfja01,Jalen Chatfield,1996-05-16,D,CAR
chernig01,Igor Chernyshov,2005-11-30,LW,SJS
cheslry01,Ryan Chesley,2004-02-27,D,WSH
chiarbe01,Ben Chiarot,1991-05-09,D,DET
chibrni01,Nikita Chibrikov,2003-02-16,RW,WPG
chinaye01,Yegor Chinakhov,2001-02-01,RW,CBJ
chishde01,Declan Chisholm,2000-01-12,D,WSH
chrisja01,Jake Christiansen,1999-09-12,D,CBJ
chromma01,Martin Chromiak,2002-08-20,RW,LAK
chychja01,Jakob Chychrun,1998-03-31,D,WSH
chytifi01,Filip Chytil,1999-09-05,C,VAN
ciharvo01,Vojtech Cihar,2007-03-29,LW,LAK
cirelan01,Anthony Cirelli,1997-07-15,C,TBL
cizikca01,Casey Cizikas,1991-02-27,C,NYI
clarada01,Damian Clara,2005-01-13,G,ANA
clarkbr02,Brandt Clarke,2003-02-09,D,LAK
cliftco01,Connor Clifton,1995-04-28,D,PIT
coghldy01,Dylan Coghlan,1998-02-19,D,---
colansa01,Sam Colangelo,2001-12-26,RW,ANA
coleia01,Ian Cole,1989-02-21,D,UTA
colembl01,Blake Coleman,1991-11-28,C,CGY
coltoro01,Ross Colton,1996-09-11,C,COL
commedr01,Drew Commesso,2002-07-19,G,CHI
comphj.01,J.T. Compher,1995-04-08,LW,DET
comrier01,Eric Comrie,1995-07-06,G,WPG
connetr01,Trevor Connelly,2006-02-28,F,VEG
connoky01,Kyle Connor,1996-12-09,LW,WPG
coolelo01,Logan Cooley,2004-05-04,C,UTA
cootebr01,Braeden Cootes,2007-02-09,C,VAN
copleph01,Pheonix Copley,1992-01-18,G,TBL
coppan01,Andrew Copp,1994-07-08,C,DET
cormilu01,Lukas Cormier,2002-03-27,D,VEG
coronma01,Matthew Coronato,2002-11-14,RW,CGY
cossase01,Sebastian Cossa,2002-11-21,G,DET
cottepa01,Paul Cotter,1999-11-16,C,NJD
cousini01,Nick Cousins,1993-06-20,C,OTT
coutuse01,Sean Couturier,1992-12-07,C,PHI
cowanea01,Easton Cowan,2005-05-20,RW,TOR
coylech01,Charlie Coyle,1992-03-02,C/RW,CBJ
cozendy01,Dylan Cozens,2001-02-09,C,OTT
crevilo01,Louis Crevier,2001-05-04,D,CHI
cristan01,Andrew Cristall,2005-02-04,LW,WSH
crosbsi01,Sidney Crosby,1987-08-07,C,PIT
crousla01,Lawson Crouse,1997-06-23,LW,UTA
crozima01,Maxwell Crozier,2000-04-19,D,TBL
cuyllwi01,William Cuylle,2002-02-05,LW,NYR
czataet01,Ethan Czata,2007-05-29,C,TBL
daccojo01,Joey Daccord,1996-08-19,G,SEA
dachco01,Colton Dach,2003-01-04,C,CHI
dachki01,Kirby Dach,2001-01-21,C,MTL
dadonev01,Evgenii Dadonov,1989-03-12,RW,NJD
dahlira01,Rasmus Dahlin,2000-04-13,D,BUF
danauph01,Phillip Danault,1993-02-24,C,LAK
danfobe01,Ben Danford,2006-02-06,D,TOR
danfoju01,Justin Danforth,1993-03-15,RW/C,BUF
daniena01,Nate Danielson,2004-09-27,C,DET
dawsni01,Nico Daws,2000-12-22,G,NJD
deangan01,Tony DeAngelo,1995-10-24,D,NYI
debrial01,Alex DeBrincat,1997-12-18,RW,DET
debruja01,Jake DeBrusk,1996-10-17,LW,VAN
delbelu01,Luca Del Bel Belluz,2003-11-10,C,CBJ
delgama01,Marc Del Gaizo,1999-10-11,D,MTL
dellaty01,Ty Dellandrea,2000-07-21,C,SJS
delmaet01,Ethan Del Mastro,2003-01-15,D,CHI
demeldy01,Dylan DeMelo,1993-05-01,D,WPG
demidiv01,Ivan Demidov,2005-12-10,RW,MTL
demkoth01,Thatcher Demko,1995-12-08,G,VAN
deshavi01,Vincent Desharnais,1996-05-29,D,SJS
deslani01,Nicolas Deslauriers,1991-02-22,LW,PHI
desmica01,Casey DeSmith,1991-08-13,G,DAL
desnoca01,Caleb Desnoyers,2007-04-11,C,UTA
devinja01,Jack Devine,2003-10-01,RW,FLA
dewarco01,Connor Dewar,1999-06-26,C,PIT
dickija01,Jason Dickinson,1995-07-04,C,CHI
dickisa01,Sam Dickinson,2006-06-07,D,SJS
dillobr01,Brenden Dillon,1990-11-13,D,NJD
dipiemi01,Michael DiPietro,1999-06-09,G,VAN
doanjo01,Josh Doan,2002-02-01,RW,BUF
dobesja01,Jakub Dobes,2001-05-27,G,MTL
dobsono01,Noah Dobson,2000-01-07,D,MTL
domima01,Max Domi,1995-03-02,LW,TOR
donatry01,Ryan Donato,1996-04-09,C,CHI
dorofpa01,Pavel Dorofeyev,2000-10-26,LW,VEG
dostalu01,Lukáš Dostál,2000-06-22,G,ANA
doughdr01,Drew Doughty,1989-12-08,D,LAK
dowdni01,Nic Dowd,1990-05-27,C,WSH
dragilu01,Lukas Dragicevic,2005-04-25,D,SEA
draisle01,Leon Draisaitl,1995-10-27,C,EDM
drouijo01,Jonathan Drouin,1995-03-28,LW,NYI
druryja01,Jack Drury,2000-02-03,C,COL
drysdja01,Jamie Drysdale,2002-04-08,D,PHI
duboipi01,Pierre-Luc Dubois,1998-06-24,LW,WSH
duchema01,Matt Duchene,1991-01-16,C,DAL
duclaan01,Anthony Duclair,1995-08-26,LW,NYI
dudaar01,Artem Duda,2004-04-08,D,UTA
duhaibr01,Brandon Duhaime,1997-05-22,RW,WSH
dukedy01,Dylan Duke,2003-03-04,LW,TBL
dumbama01,Mathew Dumba,1994-07-25,D,PIT
dumoubr01,Brian Dumoulin,1991-09-06,D,LAK
dunnvi02,Vince Dunn,1996-10-29,D,SEA
durzise01,Sean Durzi,1998-10-21,D,UTA
dvorach01,Christian Dvorak,1996-02-02,C,PHI
dvorsda01,Dalibor Dvorsky,2005-06-15,C,STL
eberljo01,Jordan Eberle,1990-05-15,RW,SEA
edmunjo01,Joel Edmundson,1993-06-28,D,LAK
edstrad01,Adam Edstrom,2000-10-12,C,NYR
edstrda01,David Edstrom,2005-02-18,C,VEG
edvinsi01,Simon Edvinsson,2003-02-05,D,DET
ehlerni01,Nikolaj Ehlers,1996-02-14,LW,CAR
eicheja01,Jack Eichel,1996-10-28,C,VEG
eiserco01,Cole Eiserman,2006-08-29,F,NYI
ekblaaa01,Aaron Ekblad,1996-02-07,D,FLA
ekholma01,Mattias Ekholm,1990-05-24,D,EDM
eklunvi01,Victor Eklund,2006-10-03,RW,NYI
eklunwi01,William Eklund,2002-10-12,LW,SJS
ekmanol01,Oliver Ekman-Larsson,1991-07-17,D,TOR
eliasga01,Gabriel Eliasson,2006-09-09,D,OTT
elickch01,Charlie Elick,2006-01-17,D,CBJ
ellerla01,Lars Eller,1989-05-08,C,OTT
ellisco01,Colten Ellis,2000-10-05,G,BUF
emberty01,Ty Emberson,2000-05-23,D,EDM
emeryer01,Eric Emery,2006-03-30,D,NYR
engluan01,Andreas Englund,1996-01-21,D,OTT
engstad01,Adam Engstrom,2003-11-17,D,MTL
engvapi01,Pierre Engvall,1996-05-31,LW,NYI
epperkr01,Kristian Epperson,2006-05-16,LW,LAK
eriksfi01,Filip Eriksson,2004-11-05,C,MTL
eriksjo02,Joel Eriksson Ek,1997-01-29,C/LW,MIN
eriksli01,Linus Eriksson,2006-03-23,F,FLA
erssosa01,Samuel Ersson,1999-10-20,G,PHI
evanglu01,Luke Evangelista,2002-02-21,RW,NSH
evansja02,Jake Evans,1996-06-02,C/RW,MTL
evansry01,Ryker Evans,2001-12-13,D,SEA
eyssimi01,Michael Eyssimont,1996-09-09,C,BOS
fabbrda01,Dante Fabbro,1998-06-20,D,CBJ
fabbrro01,Robby Fabbri,1996-01-22,C,STL
faberbr01,Brock Faber,2002-08-22,D,MIN
faksara01,Radek Faksa,1994-01-09,C,DAL
fantiad01,Adam Fantilli,2004-10-12,C,CBJ
farabjo01,Joel Farabee,2000-02-25,LW,CGY
farinjo01,John Farinacci,2001-02-14,C,UTA
faulkju01,Justin Faulk,1992-03-20,D,STL
feherma01,Martin Fehérváry,1999-10-06,D,WSH
fernsme01,Melvin Fernstrom,2006-02-28,F,VAN
ferrama01,Mario Ferraro,1998-09-17,D,SJS
fialake01,Kevin Fiala,1996-07-22,LW,LAK
fiddlbl01,Blake Fiddler,2007-07-09,D,SEA
finkai01,Aiden Fink,2004-11-24,RW,NSH
finleja01,Jack Finley,2002-09-02,C,TBL
firkuja01,Jagger Firkus,2004-04-29,RW,SEA
fleurha01,Haydn Fleury,1996-07-08,D,WPG
foegewa01,Warren Foegele,1996-04-01,LW,LAK
foersty01,Tyson Foerster,2002-01-18,RW,PHI
foligma01,Marcus Foligno,1991-08-10,LW,MIN
foligni01,Nick Foligno,1987-10-31,LW,CHI
forbode01,Derek Forbort,1992-03-04,D,VAN
forsban01,Anton Forsberg,1992-11-27,G,LAK
forsbfi01,Filip Forsberg,1994-08-13,C,NSH
forslgu02,Gustav Forsling,1996-06-12,D,FLA
fortedr01,Drew Fortescue,2005-04-28,D,NYR
fowleca01,Cam Fowler,1991-12-05,D,STL
fowleja01,Jacob Fowler,2004-11-24,G,MTL
foxad01,Adam Fox,1998-02-17,D,NYR
franket01,Ethen Frank,1998-02-05,F,WSH
fredetr01,Trent Frederic,1998-02-11,C,EDM
freijal01,Alfons Freij,2006-02-12,D,WPG
frolose01,Semyon Frolov,2007-01-17,G,CAR
frondan01,Anton Frondell,2007-05-07,C,CHI
frostmo01,Morgan Frost,1999-05-14,C,CGY
gadjojo01,Jonah Gadjovich,1998-10-12,LW,FLA
gajanad01,Adam Gajan,2004-05-06,G,CHI
gallabr01,Brendan Gallagher,1992-05-06,RW,MTL
garlaco01,Conor Garland,1996-03-11,RW,VAN
gastrmi01,Milton Gastrin,2007-06-02,C,WSH
gatcoma01,Marc Gatcomb,1999-07-22,F,NYI
gauchna01,Nathan Gaucher,2003-11-06,C,ANA
gaudead01,Adam Gaudette,1996-10-03,C,SJS
gaudrfr01,Frédérick Gaudreau,1993-05-01,C,SEA
gauthcu01,Cutter Gauthier,2004-01-19,LW,ANA
gauthet01,Ethan Gauthier,2005-01-26,RW,TBL
gavrivl01,Vladislav Gavrikov,1995-11-21,D,NYR
geekico01,Conor Geekie,2004-05-05,C,TBL
geekimo01,Morgan Geekie,1998-07-20,C,BOS
genboed01,Eddie Genborg,2007-04-20,RW,DET
georgal01,Alexandar Georgiev,1996-02-10,G,BUF
georgca01,Carter George,2006-05-20,G,LAK
georgis01,Isaiah George,2004-02-15,D,NYI
gibsojo02,John Gibson,1993-07-14,G,DET
gilbede01,Dennis Gilbert,1996-10-30,D,CHI
gillsp01,Spencer Gill,2006-08-17,D,PHI
girarsa01,Samuel Girard,1998-05-12,D,COL
girgeze01,Zemgus Girgensons,1994-01-05,C,TBL
giroucl01,Claude Giroux,1988-01-12,C/LW,OTT
glassco01,Cody Glass,1999-04-01,C,NJD
glendlu01,Luke Glendening,1989-04-28,C,NJD
goligal01,Alex Goligoski,1985-07-30,D,PIT
goncaga01,Gage Goncalves,2001-01-16,C,TBL
goodrba01,Barclay Goodrow,1993-02-26,RW,SJS
gostish01,Shayne Gostisbehere,1993-04-20,D,CAR
gourdya01,Yanni Gourde,1991-12-15,C,TBL
grafco01,Collin Graf,2002-09-21,F,SJS
granlmi01,Mikael Granlund,1992-02-26,C,ANA
granshe01,Helge Grans,2002-05-10,D,LAK
gravery01,Ryan Graves,1995-05-21,D,PIT
greavje01,Jet Greaves,2001-03-30,G,CBJ
grebeni01,Nikita Grebenkin,2003-05-02,RW,PHI
greenjo02,Jordan Greenway,1997-02-16,LW,BUF
greenli01,Liam Greentree,2006-01-01,F,LAK
greenry01,Ryan Greene,2003-10-21,C,CHI
greeraj01,A.J. Greer,1996-12-14,LW,FLA
greigri01,Ridly Greig,2002-08-08,C,OTT
gridima01,Matvei Gridin,2006-03-01,F,CGY
gritsar01,Arseny Gritsyuk,2001-03-15,RW,NJD
grubaph01,Philipp Grubauer,1991-11-25,G,SEA
grundca01,Carl Grundström,1997-12-01,RW,PHI
grzelma01,Matt Grzelcyk,1994-01-05,D,CHI
gudasra01,Radko Gudas,1990-06-05,D,ANA
gudbrer01,Erik Gudbranson,1992-01-07,D,CBJ
guentdy01,Dylan Guenther,2003-04-10,RW,UTA
guentja01,Jake Guentzel,1994-10-06,C,TBL
guhleka01,Kaiden Guhle,2002-01-18,D,MTL
gulyami01,Mikhail Gulyayev,2005-04-26,D,COL
gustaer02,Erik Gustafsson,1992-03-14,D,EDM
gustafi01,Filip Gustavsson,1998-06-07,G,MIN
hagelbr01,Brandon Hagel,1998-08-27,LW,TBL
hagemi01,Michael Hage,2006-04-14,F,MTL
hagenja01,James Hagens,2006-11-03,C,BOS
hagueni01,Nicolas Hague,1998-12-05,D,NSH
hallafi01,Filip Hallander,2000-06-29,C,PIT
hallist01,Stephen Halliday,2002-07-02,C,OTT
hallqth01,Theodor Hallquisth,2007-06-14,D,MIN
hallta02,Taylor Hall,1991-11-14,LW,CAR
halttka01,Kasper Halttunen,2005-06-07,RW,SJS
hamblja01,James Hamblin,1999-04-27,F,---
hameele01,Lenni Hameenaho,2004-11-07,RW,NJD
hamildo01,Dougie Hamilton,1993-06-17,D,NJD
hamontr01,Travis Hamonic,1990-08-16,D,DET
hanifno01,Noah Hanifin,1997-01-25,D,VEG
hanlejo01,Joel Hanley,1991-06-08,D,CGY
harleth01,Thomas Harley,2001-08-19,D,DAL
hartca01,Carter Hart,1998-08-13,G,PHI
hartmry01,Ryan Hartman,1994-09-20,RW,MIN
hathaga01,Garnet Hathaway,1991-11-23,RW,PHI
haulaer01,Erik Haula,1991-03-23,LW,NSH
hayeske01,Kevin Hayes,1992-05-08,RW,PIT
haytoba01,Barrett Hayton,2000-06-09,C,UTA
hedmavi01,Victor Hedman,1990-12-18,D,TBL
heidtri01,Riley Heidt,2005-03-25,C,MIN
heineda01,Danton Heinen,1995-07-05,C/LW,PIT
heineem01,Emil Heineman,2001-11-16,LW,NYI
heiskmi01,Miro Heiskanen,1999-07-18,D,DAL
helenko01,Konsta Helenius,2006-05-11,F,BUF
helensa02,Samuel Helenius,2002-11-26,C,LAK
helleco01,Connor Hellebuyck,1993-05-19,G,WPG
helledr01,Drew Helleson,2001-03-26,D,ANA
hemmiem01,Emil Hemming,2006-06-27,F,DAL
henriad01,Adam Henrique,1990-02-06,C,EDM
hensllo01,Logan Hensler,2006-10-14,D,OTT
hertlto01,Tomáš Hertl,1993-11-12,C,VEG
hildede01,Dennis Hildeby,2001-08-19,G,TOR
hillad01,Adin Hill,1996-05-11,G,VEG
hinosvi01,Vinnie Hinostroza,1994-04-03,C,MIN
hintzro01,Roope Hintz,1996-11-17,LW,DAL
hischni01,Nico Hischier,1999-01-04,C,NJD
hoferjo01,Joel Hofer,2000-07-30,G,STL
hoglani01,Nils Höglander,2000-12-20,LW,VAN
hollju01,Justin Holl,1992-01-30,D,CHI
hollody01,Dylan Holloway,2001-09-23,C,STL
holmbpo01,Pontus Holmberg,1999-03-09,RW,TBL
holmssi01,Simon Holmström,2001-05-24,RW,NYI
holtzal01,Alexander Holtz,2002-01-23,RW,VEG
honzesa01,Samuel Honzek,2004-11-12,LW,CGY
horcowi01,William Horcoff,2007-01-23,C,PIT
horvabo01,Bo Horvat,1995-04-05,C,NYI
howaris01,Isaac Howard,2004-03-30,LW,EDM
howdebr01,Brett Howden,1998-03-29,C,VEG
howeta01,Tanner Howe,2005-11-28,F,PIT
hrabami01,Michael Hrabal,2005-01-20,G,UTA
hronefi01,Filip Hronek,1997-11-02,D,VAN
hryckju01,Justin Hryckowian,2001-02-23,F,DAL
huberjo01,Jonathan Huberdeau,1993-06-04,LW,CGY
hugheja03,Jack Hughes,2001-05-14,C,NJD
hughelu01,Luke Hughes,2003-09-09,D,NJD
hughequ01,Quinn Hughes,1999-10-14,D,VAN
hutsoco01,Cole Hutson,2006-06-28,D,WSH
hutsola01,Lane Hutson,2004-02-14,D,MTL
hutsoqu01,Quinn Hutson,2002-01-01,F,EDM
huttobe01,Ben Hutton,1993-04-20,D,VEG
hymanza01,Zach Hyman,1992-06-09,LW,EDM
hyryar01,Arttu Hyry,2001-04-06,F,DAL
iafalal01,Alex Iafallo,1993-12-21,C,WPG
iginlti01,Tij Iginla,2006-08-04,C,UTA
ihswoja01,Jakob Ihs Wozniak,2007-02-01,RW,VEG
imamabo01,Bokondji Imama,1996-08-03,LW,TBL
ingraco01,Connor Ingram,1997-03-31,G,TBL
ioriovi01,Vincent Iorio,2002-11-14,D,SJS
ivaniv01,Ivan Ivan,2002-08-20,F,COL
ivankja01,Jack Ivankovic,2007-05-22,G,NSH
jankoma01,Mark Jankowski,1994-09-13,C,CAR
janmama02,Mattias Janmark,1992-12-08,C,EDM
jansslu01,Ludvig Jansson,2003-12-27,D,FLA
jarnkca01,Calle Järnkrok,1991-09-25,C,TOR
jarvise01,Seth Jarvis,2002-02-01,C/RW,CAR
jeannta01,Tanner Jeannot,1997-05-29,F,BOS
jellvos01,Oskar Jellvik,2003-02-08,LW,BOS
jennebo01,Boone Jenner,1993-06-15,C,CBJ
jenseni02,Nick Jensen,1990-09-21,D,OTT
jiricad01,Adam Jiricek,2006-06-28,D,STL
jiricda01,David Jiříček,2003-11-28,D,MIN
johanal01,Albert Johansson,2001-01-04,D,DET
johanjo03,Jonas Johansson,1995-09-19,G,TBL
johanma03,Marcus Johansson,1990-10-06,C/W,MIN
johnsja02,Jack Johnson,1987-01-13,D,CAR
johnske01,Kent Johnson,2002-10-18,C,CBJ
johnsro02,Ross Johnston,1994-02-18,LW,ANA
johnsry03,Ryan Johnson,2001-07-24,D,BUF
johnswy01,Wyatt Johnston,2003-05-14,C,DAL
jokihhe01,Henri Jokiharju,1999-06-17,D,BOS
jonesca01,Caleb Jones,1997-06-06,D,PIT
jonesma03,Max Jones,1998-02-17,LW,ANA
jonesse01,Seth Jones,1994-10-03,D,FLA
jonsssa01,Samuel Jonsson,2003-12-15,G,EDM
josepma01,Mathieu Joseph,1997-02-09,RW,STL
joseppi01,Pierre-Olivier Joseph,1999-07-01,D,VAN
joshuda01,Dakota Joshua,1996-05-15,C,TOR
josiro01,Roman Josi,1990-06-01,D,NSH
juulsno01,Noah Juulsen,1997-04-02,D,PHI
kadrina01,Nazem Kadri,1990-10-06,C,CGY
kahkoka01,Kaapo Kähkönen,1996-08-16,G,MIN
kaisewy01,Wyatt Kaiser,2002-07-31,D,CHI
kakkoka01,Kaapo Kakko,2001-02-13,RW,SEA
kaliyar01,Arthur Kaliyev,2001-06-26,RW,OTT
kampfda01,David Kämpf,1995-01-12,C,TOR
kaneev01,Evander Kane,1991-08-02,LW,VAN
kanepa01,Patrick Kane,1988-11-19,RW,DET
kantsro01,Roman Kantserov,2004-09-20,RW,CHI
kapanka01,Kasperi Kapanen,1996-07-23,RW,EDM
kapanol01,Oliver Kapanen,2003-07-29,C,MTL
kapriki01,Kirill Kaprizov,1997-04-26,LW,MIN
karlser01,Erik Karlsson,1990-05-31,D,PIT
karlsli01,Linus Karlsson,1999-11-16,C,VAN
karlswi01,William Karlsson,1993-01-08,C,VEG
kartyty01,Tye Kartye,2001-04-30,F,SEA
kaspema01,Marco Kasper,2004-04-08,C,DET
kastema01,Mark Kastelic,1999-03-11,C,BOS
kellecl01,Clayton Keller,1998-07-29,C,UTA
kellypa01,Parker Kelly,1999-06-14,F,COL
kemeljo01,Joakim Kemell,2004-04-27,RW,NSH
kempead01,Adrian Kempe,1996-09-13,LW,LAK
kerfoal01,Alexander Kerfoot,1994-08-11,C,UTA
kessema01,Matthew Kessel,2000-06-23,D,STL
kessemi01,Michael Kesselring,2000-01-13,D,BUF
kevanbe01,Ben Kevan,2007-01-03,RW,NJD
khusnma01,Marat Khusnutdinov,2002-07-17,C,BOS
kiiskje01,Jesse Kiiskinen,2005-08-23,RW,NSH
killoal01,Alex Killorn,1989-09-14,C/LW,ANA
kindebe01,Benjamin Kindel,2007-04-19,C,PIT
kirklju01,Justin Kirkland,1996-08-02,LW,CGY
kirscch01,Christian Kirsch,2006-06-18,G,SJS
kivirjo01,Joel Kiviranta,1996-03-23,F,COL
klapkad01,Adam Klapka,2000-09-14,F,CGY
klebead01,Adam Kleber,2006-03-24,D,BUF
klevety01,Tyler Kleven,2002-01-10,D,OTT
klingjo01,John Klingberg,1992-08-14,D,SJS
kniesma01,Matthew Knies,2002-10-17,LW,TOR
knighsp01,Spencer Knight,2001-04-19,G,CHI
koblati01,Tinus Luc Koblar,2007-07-21,C,TOR
kochepy01,Pyotr Kochetkov,1999-06-25,G,CAR
koepkco01,Cole Koepke,1998-05-17,LW,WPG
koivuvi01,Ville Koivunen,2003-06-13,RW,PIT
kokkoni01,Niklas Kokko,2004-03-14,G,SEA
koleske01,Keegan Kolesar,1997-04-08,RW,VEG
kolosal01,Aleksei Kolosov,2002-01-04,G,PHI
kolyavl01,Vladislav Kolyachonok,2001-05-26,D,FLA
konectr01,Travis Konecny,1997-03-11,C,PHI
konyubo01,Bogdan Konyushkov,2002-12-20,D,MTL
kopitan01,Anže Kopitar,1987-08-24,C,LAK
korchke01,Kevin Korchinski,2004-06-21,D,CHI
korczka01,Kaedan Korczak,2001-01-29,D,VEG
korpijo01,Joonas Korpisalo,1994-04-28,G,BOS
kotkaje01,Jesperi Kotkaniemi,2000-07-06,C,CAR
kovacjo01,Johnathan Kovacevic,1997-07-12,D,NJD
kovalni01,Nikolai Kovalenko,1999-10-17,RW,COL
kravtvi01,Vitali Kravtsov,1999-12-23,RW,NYR
krebspe01,Peyton Krebs,2001-01-26,C,BUF
kreidch01,Chris Kreider,1991-04-30,LW,ANA
kucheni01,Nikita Kucherov,1993-06-17,RW,TBL
kudryki01,Kirill Kudryavtsev,2004-02-05,D,VAN
kuempda01,Darcy Kuemper,1990-05-05,G,LAK
kulakbr01,Brett Kulak,1994-01-06,D,EDM
kulicji01,Jiri Kulich,2004-04-14,C,BUF
kulikdm01,Dmitry Kulikov,1990-10-29,D,FLA
kuninlu01,Luke Kunin,1997-12-04,C,FLA
kuralse01,Sean Kuraly,1993-01-20,C,BOS
kurasph01,Philipp Kurashev,1999-10-12,C,SJS
kuzmean01,Andrei Kuzmenko,1996-02-04,F,LAK
kylinol01,Oliver Kylington,1997-05-19,D,CGY
kyrouch01,Christian Kyrou,2003-09-16,D,DAL
kyroujo01,Jordan Kyrou,1998-05-05,C,STL
labanke01,Kevin Labanc,1995-12-12,RW,SJS
lachash01,Shane Lachance,2003-08-30,LW,NJD
lacomja01,Jackson LaCombe,2001-01-09,D,ANA
laferal01,Alex Laferriere,2001-10-28,RW,LAK
laffesa01,Sam Lafferty,1995-03-06,C/LW,CHI
lafreal01,Alexis Lafrenière,2001-10-11,LW,NYR
lafreto01,Tommy Lafreniere,2007-01-16,RW,EDM
lainepa01,Patrik Laine,1998-04-19,RW,MTL
lakovly01,Lynden Lakovic,2006-12-12,LW,WSH
lambebr01,Brad Lambert,2003-12-19,C,WPG
lamboca01,Carson Lambos,2003-01-14,D,MIN
lammiju01,Juho Lammikko,1996-01-29,RW,NJD
lamouma01,Maveric Lamoureux,2004-01-13,D,UTA
landega01,Gabriel Landeskog,1992-11-23,LW,COL
lankike01,Kevin Lankinen,1995-04-28,G,VAN
lapiehe01,Hendrix Lapierre,2002-02-09,C,WSH
lardini01,Nick Lardis,2005-07-08,LW,CHI
larkidy01,Dylan Larkin,1996-07-30,C,DET
larssad01,Adam Larsson,1992-11-12,D,SEA
laughsc01,Scott Laughton,1994-05-30,C,TOR
lauzoje01,Jeremy Lauzon,1997-04-28,D,VEG
lazarcu01,Curtis Lazar,1995-02-02,C/RW,EDM
leasobr01,Brett Leason,1999-04-30,RW,WSH
leddyni01,Nick Leddy,1991-03-20,D,SJS
leean01,Anders Lee,1990-07-03,LW,NYI
leery01,Ryker Lee,2006-11-08,RW,NSH
lehkoar01,Artturi Lehkonen,1995-07-04,LW,COL
leinoto02,Topias Leinonen,2004-01-25,G,BUF
lekkejo01,Jonathan Lekkerimaki,2004-07-24,RW,VAN
leonary01,Ryan Leonard,2005-01-21,RW,WSH
letankr01,Kris Letang,1987-04-24,D,PIT
letoude01,Dean Letourneau,2006-02-21,F,BOS
levide01,Devon Levi,2001-12-27,G,FLA
levshar01,Artyom Levshunov,2005-10-28,D,CHI
lewanda01,David Lewandowski,2007-02-20,LW,EDM
lheurza01,Zachary L'Heureux,2003-05-15,LW,NSH
liljeti01,Timothy Liljegren,1999-04-30,D,SJS
lindbca01,Carl Lindbom,2003-05-20,G,VEG
lindees01,Esa Lindell,1994-05-23,D,DAL
lindgch01,Charlie Lindgren,1993-12-18,G,WSH
lindgry01,Ryan Lindgren,1998-02-11,D,SEA
lindhel01,Elias Lindholm,1994-12-02,C,BOS
lindhha01,Hampus Lindholm,1994-01-20,D,BOS
lindsca01,Cayden Lindstrom,2006-02-03,F,CBJ
lindsth01,Theo Lindstein,2005-01-05,D,STL
lizotbl01,Blake Lizotte,1997-12-13,C,PIT
lohrema01,Mason Lohrei,2001-01-17,D,BOS
lombery01,Ryan Lomberg,1994-12-09,LW,CGY
lorenst01,Steven Lorentz,1996-04-13,C/LW,TOR
lowryad01,Adam Lowry,1993-03-29,LW,WPG
luchaje01,Jett Luchanko,2006-08-21,F,PHI
lucicmi01,Milan Lucic,1988-06-07,LW,STL
lundca01,Cameron Lund,2004-06-07,C,SJS
lundean01,Anton Lundell,2001-10-03,C,FLA
lundeis01,Isac Lundeström,1999-11-06,C,CBJ
lundkni01,Nils Lundkvist,2000-07-27,D,DAL
luneatr01,Tristan Luneau,2004-01-12,D,ANA
luostee01,Eetu Luostarinen,1998-09-02,C,FLA
luukkuk01,Ukko-Pekka Luukkonen,1999-03-09,G,BUF
lyonal01,Alex Lyon,1992-12-09,G,BUF
lyselfa01,Fabian Lysell,2003-01-19,RW,BOS
lyubuil01,Ilya Lyubushkin,1994-04-06,D,DAL
maattol01,Olli Määttä,1994-08-22,D,UTA
maccema01,Matias Maccelli,2000-10-14,LW,TOR
macdeku01,Kurtis MacDermid,1994-03-25,LW,OTT
macewza01,Zack MacEwen,1996-07-08,C,NJD
mackina01,Nathan MacKinnon,1995-09-01,C,COL
macleky01,Kyle MacLean,1999-04-29,F,NYI
mahurjo01,Josh Mahura,1998-05-05,D,SEA
mailllo01,Logan Mailloux,2003-04-15,D,STL
makarca01,Cale Makar,1998-10-30,D,COL
malatja01,James Malatesta,2003-05-31,LW,CBJ
malenbe01,Beck Malenstyn,1998-02-04,LW,BUF
malinsa01,Sam Malinski,1998-07-27,D,COL
malkiev01,Evgeni Malkin,1986-07-31,C,PIT
mancivi01,Victor Mancini,2002-05-26,D,VAN
mangian01,Andrew Mangiapane,1996-04-04,LW,EDM
mansojo01,Josh Manson,1991-10-07,D,COL
manthan01,Anthony Mantha,1994-09-16,RW,PIT
marchbr03,Brad Marchand,1988-05-11,LW,FLA
marchki01,Kirill Marchenko,2000-07-21,RW,CBJ
marchma01,Mason Marchment,1995-06-18,F,SEA
marinjo01,John Marino,1997-05-21,D,UTA
marjavi01,Viljami Marjala,2003-01-29,LW,BUF
marksja02,Jacob Markström,1990-01-31,G,NJD
marnemi01,Mitch Marner,1997-05-05,RW,VEG
marqumi01,Miguel Marques,2006-03-08,F,NSH
marrelu01,Luca Marrelli,2005-10-04,D,CBJ
martibr02,Brady Martin,2007-03-16,C,NSH
martiem01,Emil Martinsen Lilleberg,2001-02-02,D,TBL
martijo01,Jordan Martinook,1992-07-25,LW,CAR
martopo01,Porter Martone,2006-10-26,RW,PHI
massema01,Maxim Masse,2006-04-07,F,ANA
mateyde01,Denton Mateychuk,2004-07-12,D,CBJ
mathemi01,Mike Matheson,1994-02-27,D,MTL
matinni01,Nikolas Matinpalo,1998-10-05,D,OTT
matthau01,Auston Matthews,1997-09-17,C,TOR
mayfisc01,Scott Mayfield,1992-10-14,D,NYI
mcavoch01,Charlie McAvoy,1997-12-21,D,BOS
mcbaija03,Jack McBain,2000-01-06,C,UTA
mccabja01,Jake McCabe,1993-10-12,D,TOR
mccanja01,Jared McCann,1996-05-31,C,SEA
mccarmi01,Michael McCarron,1995-03-07,RW,NSH
mcdavco01,Connor McDavid,1997-01-13,C,EDM
mcdonry01,Ryan McDonagh,1989-06-13,D,TBL
mcgroru01,Rutger Mcgroarty,2004-03-30,RW,PIT
mcilrdy01,Dylan McIlrath,1992-04-20,D,WSH
mckowhu01,Hunter McKown,2002-04-18,F,---
mcleory01,Ryan McLeod,1999-09-21,C,BUF
mcmanbo02,Bobby McMann,1996-06-15,F,TOR
mcmicco01,Connor McMichael,2001-01-15,C,WSH
mcnabbr01,Brayden McNabb,1991-01-21,D,VEG
mcquero01,Roger McQueen,2006-10-02,C,ANA
mctavma01,Mason McTavish,2003-01-30,C,ANA
medveal01,Alexei Medvedev,2007-09-10,G,VAN
meierti01,Timo Meier,1996-10-08,RW,NJD
merceda01,Dawson Mercer,2001-10-27,C,NJD
merille01,Leevi Merilainen,2002-08-13,G,OTT
merkuge01,Georgii Merkulov,2000-10-10,F,---
merzlel01,Elvis Merzļikins,1994-04-13,G,CBJ
mesarfi01,Filip Mesar,2004-01-03,RW,MTL
mewshe01,Henry Mews,2006-03-09,D,CGY
michkma01,Matvei Michkov,2004-12-09,RW,PHI
middlja01,Jacob Middleton,1996-01-02,D,MIN
middlke01,Keaton Middleton,1998-02-10,D,TOR
miettju01,Julius Miettinen,2006-01-20,F,SEA
mikheil01,Ilya Mikheyev,1994-10-10,F,CHI
mikkoni01,Niko Mikkola,1996-04-27,D,FLA
milanso01,Sonny Milano,1996-05-12,LW,WSH
milleco02,Colin Miller,1992-10-29,D,WPG
millejt01,J.T. Miller,1993-03-14,C,NYR
milleka01,K'Andre Miller,2000-01-21,D,CAR
mintefr01,Fraser Minten,2004-07-05,C,BOS
mintypa01,Pavel Mintyukov,2003-11-25,D,ANA
miromda01,Daniil Miromanov,1997-07-11,D,CGY
mirosiv01,Ivan Miroshnichenko,2004-02-04,LW,WSH
misalu01,Luke Misa,2005-11-25,F,CGY
misami01,Michael Misa,2007-02-16,F,SJS
mitteca01,Casey Mittelstadt,1998-11-22,C,BOS
molenta01,Tanner Molendyk,2005-02-03,D,NSH
molgaos01,Oscar Fisker Molgaard,2005-02-18,C,SEA
monahse01,Sean Monahan,1994-10-12,C,CBJ
montesa01,Sam Montembeault,1996-10-30,G,MTL
montgbl01,Blake Montgomery,2005-05-04,LW,OTT
montobr01,Brandon Montour,1994-04-11,D,SEA
moonejo01,John Mooney,2007-03-08,C,MTL
mooreol01,Oliver Moore,2005-01-22,C,CHI
mooretr01,Trevor Moore,1995-03-31,LW,LAK
moorewi01,William Moore,2007-03-24,C,BOS
morinet01,Etienne Morin,2005-03-09,D,CGY
morrijo04,Josh Morrissey,1995-03-28,D,WPG
morrosc02,Scott Morrow,2002-11-01,D,CAR
moserja01,J.J. Moser,2000-06-06,D,TBL
mrazepe01,Petr Mrázek,1992-02-14,G,ANA
mrtkara01,Radim Mrtka,2007-06-09,D,BUF
mugglle01,Leon Muggli,2006-07-09,D,WSH
mukhash01,Shakir Mukhamadullin,2002-01-10,D,SJS
murphco02,Connor Murphy,1993-03-26,D,CHI
murrama02,Matt Murray,1994-05-25,G,SEA
murtaja01,Jack Murtagh,2007-08-22,LW,PHI
mustajo01,John Mustard,2006-08-16,F,CHI
mustyqu01,Quentin Musty,2005-07-06,LW,SJS
myersph01,Philippe Myers,1997-01-25,D,TOR
myersty01,Tyler Myers,1990-02-01,D,VAN
myniosa01,Sawyer Mynio,2005-04-30,D,VAN
nabokil01,Ilya Nabokov,2003-03-27,G,COL
nadeabr01,Bradly Nadeau,2005-05-05,LW,CAR
namesvl01,Vladislav Namestnikov,1992-11-22,C,WPG
nazarfr01,Frank Nazar,2004-01-14,C,CHI
necasma01,Martin Nečas,1999-01-15,C,COL
nedelal01,Alex Nedeljkovic,1996-01-07,G,SJS
neighja01,Jake Neighbours,2002-03-29,LW,STL
nelsobr01,Brock Nelson,1991-10-15,C,COL
nemecsi01,Simon Nemec,2004-02-15,D,NJD
nesbija01,Jack Nesbitt,2007-01-12,C,PHI
nesteni02,Nikita Nesterenko,2001-09-10,C,ANA
nestrva01,Vaclav Nestrasil,2007-04-06,RW,CHI
newhoal01,Alex Newhook,2001-01-28,C,MTL
nichuva01,Valeri Nichushkin,1995-03-04,RW,COL
niedeni01,Nino Niederreiter,1992-09-08,RW,WPG
nikisal01,Alexander Nikishin,2001-10-02,D,CAR
nilsoer01,Eric Nilson,2007-05-11,C,ANA
noesest01,Stefan Noesen,1993-02-12,RW,NJD
norrijo01,Joshua Norris,1999-05-05,C,BUF
nosekto01,Tomáš Nosek,1992-09-01,C,FLA
novakth01,Thomas Novak,1997-04-28,C,PIT
nugenry01,Ryan Nugent-Hopkins,1993-04-12,C,EDM
nurseda01,Darnell Nurse,1995-02-04,D,EDM
nylanal01,Alexander Nylander,1998-03-02,LW,BUF
nylanwi01,William Nylander,1996-05-01,C,TOR
nymanja01,Jani Nyman,2004-07-30,RW,SEA
nyquigu01,Gustav Nyquist,1989-09-01,RW,WPG
obrieja02,Jake O'Brien,2007-06-16,C,SEA
obrieli01,Liam O'Brien,1994-07-29,C,UTA
oconndr01,Drew O'Connor,1998-06-09,F,VAN
oconnlo01,Logan O'Connor,1996-08-14,RW,COL
oettija01,Jake Oettinger,1998-12-18,G,DAL
ohgreli01,Liam Ohgren,2004-01-28,LW,MIN
oleksja01,Jamie Oleksiak,1992-12-21,D,SEA
olivima01,Mathieu Olivier,1997-02-11,F,CBJ
olofsvi01,Victor Olofsson,1995-07-18,RW,COL
oreilry01,Ryan O'Reilly,1991-02-07,C,NSH
oreilsa01,Sam O'Reilly,2006-03-30,F,EDM
orlovdm01,Dmitry Orlov,1991-07-23,D,SJS
ostapza01,Zack Ostapchuk,2003-05-29,C,SJS
ostluno01,Noah Ostlund,2004-03-11,C,BUF
othmabr01,Brennan Othmann,2003-01-05,LW,NYR
ovechal01,Alex Ovechkin,1985-09-17,LW,WSH
P-haymelu01,Luke Haymes,2003-07-28,F,TOR
P-leppaat01,Atro Leppanen,1998-12-14,D,EDM
P-mcallry01,Ryan McAllister,2001-12-19,C,---
murasse01,Sergei Murashov,2004-04-01,G,PIT
P-samanjo01,Joshua Samanski,2002-03-22,F,EDM
pachabr01,Brayden Pachal,1999-08-23,D,CGY
pageaje01,Jean-Gabriel Pageau,1992-11-11,C,NYI
palaton01,Ondřej Palát,1991-03-28,LW,NJD
palmiky01,Kyle Palmieri,1991-02-01,RW,NYI
panarar01,Artemi Panarin,1991-10-30,LW,NYR
paraste01,Terik Parascak,2006-05-28,F,WSH
parayco01,Colton Parayko,1993-05-12,D,STL
parekza01,Zayne Parekh,2006-02-15,D,CGY
parssju01,Juuso Pärssinen,2001-02-01,C,NYR
pastrda01,David Pastrňák,1996-05-25,RW,BOS
paulni01,Nick Paul,1995-03-20,LW,TBL
paupaha01,Hayden Paupanekis,2007-02-04,C,MTL
pearsta01,Tanner Pearson,1992-08-10,LW,WPG
peekean01,Andrew Peeke,1998-03-17,D,BOS
pelecad01,Adam Pelech,1994-08-16,D,NYI
pelleja01,Jakob Pelletier,2001-03-07,LW,CGY
perbini01,Nicklaus Perbix,1998-06-15,D,NSH
perfeco01,Cole Perfetti,2002-01-01,C,WPG
perrega01,Gabriel Perreault,2005-05-07,RW,NYR
perroda01,David Perron,1988-05-28,LW,OTT
perroja01,Jayden Perron,2005-01-11,RW,CAR
perryco01,Corey Perry,1985-05-16,RW,LAK
perunsc01,Scott Perunovich,1998-08-18,D,STL
pescebr01,Brett Pesce,1994-11-15,D,NJD
peterjo01,John-Jason Peterka,2002-01-14,RW,UTA
petryje01,Jeff Petry,1987-12-09,D,FLA
petteel01,Elias Pettersson,1998-11-12,C,VAN
petteel02,Elias Pettersson,2004-02-16,D,VAN
pettelu01,Lucas Pettersson,2006-04-17,F,ANA
pettema01,Marcus Pettersson,1996-05-08,D,VAN
philpno01,Noah Philp,1998-08-31,C,EDM
pickaca01,Calvin Pickard,1992-04-15,G,EDM
pickeow01,Owen Pickering,2004-01-27,D,PIT
pickfbr01,Bryce Pickford,2006-04-02,D,MTL
pintosh01,Shane Pinto,2000-11-12,C,OTT
pionkne01,Neal Pionk,1995-07-29,D,WPG
plantma02,Max Plante,2006-02-20,F,DET
podkova01,Vasily Podkolzin,2001-06-24,RW,EDM
poehlry01,Ryan Poehling,1999-01-03,C,ANA
pointbr01,Brayden Point,1996-03-13,C,TBL
poitrma01,Matthew Poitras,2004-03-10,C,BOS
portier01,Erik Portillo,2000-09-03,G,BUF
pospima01,Martin Pospisil,1999-11-19,C,CGY
pottecu01,Cullen Potter,2007-01-10,C,CGY
poulisa01,Samuel Poulin,2001-02-25,RW,PIT
powerow01,Owen Power,2002-11-22,D,BUF
priceca02,Caden Price,2005-08-24,D,SEA
primeca01,Cayden Primeau,1999-08-11,G,TOR
prishni01,Nikita Prishchepov,2004-02-20,C,COL
prokhda01,Daniil Prokhorov,2007-04-27,RW,NYI
prosviv01,Ivan Prosvetov,1999-03-05,G,UTA
protaal01,Aliaksei Protas,2001-01-06,C,WSH
protail01,Ilya Protas,2006-07-18,LW,WSH
provoiv01,Ivan Provorov,1997-01-13,D,CBJ
psenima01,Max Psenicka,2007-01-18,D,UTA
pulkkje01,Jesse Pulkkinen,2004-12-27,D,NYI
pulocry01,Ryan Pulock,1994-10-06,D,NYI
quickjo01,Jonathan Quick,1986-01-21,G,NYR
quinnja01,Jack Quinn,2001-09-19,RW,BUF
raddyda01,Darren Raddysh,1996-02-28,D,TBL
raddyta01,Taylor Raddysh,1998-02-18,RW,NYR
rakelri01,Rickard Rakell,1993-05-05,RW,PIT
rantami01,Mikko Rantanen,1996-10-29,RW,DAL
rasmumi01,Michael Rasmussen,1999-04-17,C,DET
ratyaa01,Aatu Räty,2002-11-14,C,VAN
ravenjo01,Joshua Ravensbergen,2006-11-27,G,SJS
raymolu01,Lucas Raymond,2002-03-28,LW,DET
reavery01,Ryan Reaves,1987-01-20,RW,SJS
regulal01,Alex Regula,2000-08-06,D,EDM
rehkoca01,Carson Rehkopf,2005-01-07,LW,SEA
reichlu01,Lukas Reichel,2002-05-17,LW,2TM
reidca01,Cameron Reid,2007-04-08,D,NSH
reillmi01,Mike Reilly,1993-07-13,D,CAR
reinbda01,David Reinbacher,2004-10-25,D,MTL
reinhsa01,Sam Reinhart,1995-11-06,C,FLA
rempema01,Matt Rempe,2002-06-29,C,NYR
reschco01,Cole Reschny,2007-04-06,C,CGY
riellmo01,Morgan Rielly,1994-03-09,D,TOR
rinzesa01,Sam Rinzel,2004-06-25,D,CHI
ristora01,Rasmus Ristolainen,1994-10-27,D,PHI
ritchca01,Calum Ritchie,2005-01-21,C,NYI
ritchry01,Ryder Ritchie,2006-08-03,F,MIN
rittida01,David Rittich,1992-08-19,G,NYI
roberja01,Jason Robertson,1999-07-22,LW,DAL
roberma02,Matthew Robertson,2001-03-09,D,NYR
roberni01,Nicholas Robertson,2001-09-11,LW,TOR
robersi01,Simon Robertsson,2003-02-05,RW,STL
robiner01,Eric Robinson,1995-06-14,LW,CAR
rodriev01,Evan Rodrigues,1993-07-28,C,FLA
romanal01,Alexander Romanov,2000-01-06,D,NYI
rombaja01,Jacob Rombach,2007-04-01,D,NSH
rosenis01,Isak Rosen,2003-03-15,RW,BUF
rosloja01,Jack Roslovic,1997-01-29,C,EDM
rossima01,Marco Rossi,2001-09-23,C,MIN
royjo01,Joshua Roy,2003-08-06,RW,MTL
royma04,Matt Roy,1995-03-01,D,WSH
royni01,Nicolas Roy,1997-02-05,C,TOR
ruohohe01,Heikki Ruohonen,2006-06-19,C,PHI
rustbr01,Bryan Rust,1992-05-11,RW,PIT
ryabkiv01,Ivan Ryabkin,2007-04-25,C,CAR
saadbr01,Brandon Saad,1992-10-27,LW,VEG
sahlile01,Leo Sahlin Wallenius,2006-04-10,D,SJS
saleed01,Eduard Sale,2005-03-10,LW,SEA
salomel01,Elias Salomonsson,2004-08-31,D,WPG
sambedy01,Dylan Samberg,1999-01-24,D,WPG
samosma01,Mackie Samoskevich,2002-11-15,RW,FLA
samsoil01,Ilya Samsonov,1997-02-22,G,WSH
samuema02,Mattias Samuelsson,2000-03-14,D,BUF
sandeja01,Jake Sanderson,2002-07-08,D,OTT
sandiax01,Axel Sandin Pellikka,2005-03-11,D,DET
sandira01,Rasmus Sandin,2000-03-07,D,WSH
sanhetr01,Travis Sanheim,1996-03-29,D,PHI
sapovma01,Matyas Sapovaliv,2004-02-12,C,VEG
sarosju01,Juuse Saros,1995-04-19,G,NSH
savoima01,Matthew Savoie,2004-01-01,C,EDM
sawchgr01,Gracyn Sawchyn,2005-01-19,C,FLA
schaema01,Matthew Schaefer,2007-09-05,D,NYI
scheima01,Mark Scheifele,1993-03-15,C,WPG
schenbr01,Brayden Schenn,1991-08-22,C,STL
schenlu01,Luke Schenn,1989-11-02,D,WPG
schmani01,Nick Schmaltz,1996-02-23,C,UTA
schmiak01,Akira Schmid,2000-05-12,G,VEG
schmica01,Cameron Schmidt,2007-01-19,RW,DAL
schmina01,Nate Schmidt,1991-07-16,D,UTA
schnebr01,Braden Schneider,2001-09-20,D,NYR
schwaja01,Jaden Schwartz,1992-06-25,C,SEA
schwico01,Cole Schwindt,2001-04-25,RW,FLA
seeleni01,Nick Seeler,1993-06-03,D,PHI
seguity01,Tyler Seguin,1992-01-31,C,DAL
seidemo01,Moritz Seider,2001-04-06,D,DET
sennebe01,Beckett Sennecke,2006-01-28,F,ANA
sergami01,Mikhail Sergachev,1998-06-25,D,UTA
severda01,Damon Severson,1994-08-07,D,CBJ
shabama01,Max Shabanov,2000-10-07,F,NYI
sharaye01,Yegor Sharangovich,1998-06-06,C,CGY
shearco01,Conor Sheary,1992-06-08,LW,NYR
sheary01,Ryan Shea,1997-02-11,D,PIT
shepahu01,Hunter Shepard,1995-11-07,G,---
sherwki01,Kiefer Sherwood,1995-03-31,RW,VAN
shestig01,Igor Shesterkin,1995-12-30,G,NYR
shurama01,Matvei Shuravin,2006-03-22,D,FLA
sidorye01,Yegor Sidorov,2004-06-18,RW,ANA
siegejo01,Jonas Siegenthaler,1997-05-06,D,NJD
silayan01,Anton Silayev,2006-04-11,D,NJD
sillico01,Cole Sillinger,2003-05-16,C,CBJ
silovar01,Arturs Silovs,2001-03-22,G,PIT
simasdm01,Dmitriy Simashev,2005-02-04,D,UTA
sissoco01,Colton Sissons,1993-11-05,C,VEG
skinnje01,Jeff Skinner,1992-05-16,LW/C,SJS
skinnst01,Stuart Skinner,1998-11-01,G,EDM
skjeibr01,Brady Skjei,1994-03-26,D,NSH
slafkju01,Juraj Slafkovsky,2004-03-30,LW,MTL
slaggla01,Landon Slaggert,2002-06-25,LW,CHI
slavija01,Jaccob Slavin,1994-05-01,D,CAR
slukyha01,Hampton Slukynsky,2005-07-02,G,LAK
smithbr05,Brendan Smith,1989-02-08,D,DET
smithco02,Cole Smith,1995-10-28,F,NSH
smithja04,Jackson Smith,2007-05-13,D,CBJ
smithre01,Reilly Smith,1991-04-01,RW,VEG
smithta01,Tarin Smith,2006-03-24,D,ANA
smithwi01,William Smith,2005-03-17,C,SJS
snuggji01,Jimmy Snuggerud,2004-06-01,RW,STL
soderar01,Arvid Söderblom,1999-08-19,G,CHI
soderel01,Elmer Söderblom,2001-07-05,RW,DET
sodervi01,Victor Söderström,2001-02-26,D,UTA
sogaama01,Mads Søgaard,2000-12-13,G,OTT
solbest01,Stian Solberg,2005-12-29,D,ANA
sorokil01,Ilya Sorokin,1995-08-04,G,NYI
soucyca01,Carson Soucy,1994-07-27,D,NYR
sourdju01,Justin Sourdif,2002-03-24,RW,WSH
spellaj01,AJ Spellacy,2006-02-24,F,CHI
spencjo01,Jordan Spence,2001-02-24,D,OTT
spencma02,Malcolm Spence,2006-09-22,LW,NYR
spurgja01,Jared Spurgeon,1989-11-29,D,MIN
staaljo01,Jordan Staal,1988-09-10,C,CAR
stamkst01,Steven Stamkos,1990-02-07,C,NSH
stanklo01,Logan Stankoven,2003-02-26,C,CAR
stanllo01,Logan Stanley,1998-05-26,D,WPG
stechtr01,Troy Stecher,1994-04-07,D,EDM
steelsa01,Sam Steel,1998-02-03,C,DAL
stenbot01,Otto Stenberg,2005-05-29,C,STL
stenlke01,Kevin Stenlund,1996-09-20,C,UTA
stephch02,Chandler Stephenson,1994-04-22,C,SEA
stevecl01,Clay Stevenson,1999-03-03,G,WSH
stigate01,Teddy Stiga,2006-04-05,F,NSH
stillch01,Chase Stillman,2003-03-19,RW,NJD
stolaan01,Anthony Stolarz,1994-01-20,G,TOR
stonema01,Mark Stone,1992-05-13,RW,VEG
stramch01,Charlie Stramel,2004-10-15,C,MIN
stromdy01,Dylan Strome,1997-03-07,C,WSH
stromry01,Ryan Strome,1993-07-11,C,ANA
strubja01,Jayden Struble,2001-09-08,D,MTL
stuetti02,Tim Stützle,2002-01-15,LW,OTT
sturmni01,Nico Sturm,1995-05-03,C,MIN
sundqos01,Oskar Sundqvist,1994-03-23,C,STL
sunieay01,Aydar Suniev,2004-11-16,LW,CGY
surineg01,Egor Surin,2006-08-01,C,NSH
suterpi01,Pius Suter,1996-05-24,F,STL
suterry01,Ryan Suter,1985-01-21,D,NSH
suzdaal01,Alexander Suzdalev,2004-03-05,LW,WSH
suzukni01,Nick Suzuki,1999-08-10,C,MTL
suzukry01,Ryan Suzuki,2001-05-28,C,CAR
svechan01,Andrei Svechnikov,2000-03-26,RW,CAR
svechfe01,Fedor Svechkov,2003-04-03,C,NSH
svozist01,Stanislav Svozil,2003-01-17,D,CBJ
swaymje01,Jeremy Swayman,1998-11-24,G,BOS
talboca01,Cam Talbot,1987-07-05,G,DET
tanevbr01,Brandon Tanev,1991-12-31,LW,UTA
tanevch01,Chris Tanev,1989-12-20,D,TOR
tarasda02,Daniil Tarasov,1999-03-27,G,FLA
tarasvl01,Vladimir Tarasenko,1991-12-13,RW,MIN
tavarjo01,John Tavares,1990-09-20,C,TOR
teravte01,Teuvo Teräväinen,1994-09-11,F,CHI
terrytr01,Troy Terry,1997-09-10,C/RW,ANA
texieal01,Alexandre Texier,1999-09-13,C,STL
theodsh01,Shea Theodore,1995-08-03,D,VEG
thomaro01,Robert Thomas,1999-07-02,C,STL
thompai01,Aidan Thompson,2002-02-18,C,CHI
thompja01,Jack Thompson,2002-03-19,D,SJS
thomplo01,Logan Thompson,1997-02-25,G,WSH
thompta01,Tage Thompson,1997-10-30,C,BUF
thorpty01,Tyler Thorpe,2005-08-11,F,MTL
thrunhe01,Henry Thrun,2001-03-12,D,ANA
timmico01,Conor Timmins,1998-09-18,D,BUF
tippeow01,Owen Tippett,1999-02-16,RW,PHI
tkachbr01,Brady Tkachuk,1999-09-16,LW,OTT
tkachma01,Matthew Tkachuk,1997-12-11,LW/RW,FLA
toewsde01,Devon Toews,1994-02-21,D,COL
toewsjo01,Jonathan Toews,1988-04-29,C,WPG
toffoty01,Tyler Toffoli,1992-04-24,C,SJS
tolvaee01,Eeli Tolvanen,1999-04-22,RW,SEA
tomasda01,David Tomasek,1996-02-10,F,EDM
tomasph01,Philip Tomasino,2001-07-28,C,PIT
toropal01,Alexey Toropchenko,1999-06-25,RW,STL
traffhe01,Herman Traff,2005-12-31,F,NJD
treniya01,Yakov Trenin,1997-01-13,C,MIN
trikogl01,Gleb Trikozov,2004-08-12,LW,CAR
trochvi01,Vincent Trocheck,1993-07-11,C,NYR
troubja01,Jacob Trouba,1994-02-26,D,ANA
tsyplma01,Maxim Tsyplakov,1998-09-19,F,NYI
tuchal01,Alex Tuch,1996-05-10,RW,BUF
tuckety01,Tyler Tucker,2000-03-01,D,STL
tuomasa01,Samu Tuomaala,2003-01-08,RW,PHI
turcoal02,Alex Turcotte,2001-02-26,C,LAK
ullmali01,Linus Ullmark,1993-07-31,G,OTT
ungerfe01,Felix Unger Sorum,2005-09-14,RW,CAR
vaakaur01,Urho Vaakanainen,1999-01-01,D,NYR
valimju01,Juuso Välimäki,1998-10-06,D,UTA
vanacma01,Marek Vanacker,2006-04-12,F,CHI
vanecvi01,Vítek Vaněček,1996-01-09,G,UTA
vanrija01,James van Riemsdyk,1989-05-04,LW,DET
vanritr01,Trevor van Riemsdyk,1991-07-24,D,WSH
vansash01,Shane Vansaghi,2006-10-11,RW,PHI
varlasi01,Semyon Varlamov,1988-04-27,G,NYI
vasilan02,Andrei Vasilevskiy,1994-07-25,G,TBL
vatrafr01,Frank Vatrano,1994-03-14,LW,ANA
vejmeka01,Karel Vejmelka,1996-05-25,G,UTA
velenjo01,Joe Veleno,2000-01-13,C,MTL
verhaca01,Carter Verhaeghe,1995-08-14,C,FLA
vilarga01,Gabriel Vilardi,1999-08-16,C,WPG
villama01,Matt Villalta,1999-06-03,G,LAK
villena01,Nathan Villeneuve,2006-04-13,F,SEA
vladada01,Daniel Vladař,1997-08-20,G,PHI
vlasial01,Alex Vlasic,2001-06-05,D,CHI
vorondi01,Dmitri Voronkov,2000-09-10,LW,CBJ
wahlban01,Anton Wahlberg,2005-07-04,C,BUF
walkena01,Nathan Walker,1994-02-07,C,STL
walkese01,Sean Walker,1994-11-13,D,CAR
wallsje01,Jesper Wallstedt,2002-11-14,G,MIN
walmaja01,Jake Walman,1996-02-20,D,EDM
wangsi01,Simon (Haoxi) Wang,2007-07-27,D,SJS
webbeca01,Cade Webber,2001-01-05,D,CAR
wedgesc01,Scott Wedgewood,1992-08-14,G,COL
weegama01,MacKenzie Weegar,1994-01-07,D,CGY
wennbal01,Alexander Wennberg,1994-09-22,C,SJS
werenza01,Zach Werenski,1997-07-19,D,CBJ
westma01,Mason West,2007-08-03,C,CHI
wetscca01,Carson Wetsch,2006-05-04,F,SJS
whiteza01,Zach Whitecloud,1996-11-28,D,VEG
willato01,Tom Willander,2005-02-09,D,VAN
wilsbad01,Adam Wilsby,2000-08-07,D,NSH
wilsoto01,Tom Wilson,1994-03-29,RW,WSH
wolfdu01,Dustin Wolf,2001-04-16,G,CGY
wolljo01,Joseph Woll,1998-07-12,G,TOR
woodma01,Matthew Wood,2005-02-06,RW,NSH
woodmi01,Miles Wood,1995-09-13,LW,CBJ
wothepa01,Parker Wotherspoon,1997-08-24,D,PIT
wrighsh01,Shane Wright,2004-01-05,C,SEA
xhekaar01,Arber Xhekaj,2001-01-30,D,MTL
xhekafl01,Florian Xhekaj,2004-06-27,LW,MTL
yagerbr01,Brayden Yager,2005-01-03,C,PIT
yakemca01,Carter Yakemchuk,2005-09-29,D,OTT
yamamka01,Kailer Yamamoto,1998-09-28,RW,UTA
yegormi01,Mikhail Yegorov,2006-03-07,G,NJD
yorkca01,Cameron York,2001-01-05,D,PHI
yurovda01,Danila Yurov,2003-12-22,RW,MIN
zachapa01,Pavel Zacha,1997-04-06,C,BOS
zadorni01,Nikita Zadorov,1995-04-16,D,BOS
zamulye01,Yegor Zamula,2000-03-30,D,PHI
zaryco01,Connor Zary,2001-09-25,C,CGY
zavraeg01,Egor Zavragin,2005-08-23,G,PHI
zegratr01,Trevor Zegras,2001-03-20,C,PHI
zellewi01,William Zellers,2006-04-04,F,BOS
zellwol01,Olen Zellweger,2003-09-10,D,ANA
zettefa01,Fabian Zetterlund,1999-08-25,W,OTT
zharoal01,Alexander Zharovsky,2007-02-22,RW,MTL
zibanmi01,Mika Zibanejad,1993-04-18,C,NYR
ziemmko01,Koehn Ziemmer,2004-12-08,RW,LAK
zonnobi01,Bill Zonnon,2006-10-03,RW,PIT
zubar01,Artem Zub,1995-10-03,D,OTT
zuccama01,Mats Zuccarello,1987-09-01,LW,MIN
zuckeja01,Jason Zucker,1992-01-16,LW,BUF
agozzan01,Andrew Agozzino,1991-01-03,LW,UTA
astonza01,Zach Aston-Reese,1994-08-10,C,CBJ
beechjo01,John Beecher,2001-04-05,C,BOS
bussibr01,Brandon Bussi,1998-06-25,G,CAR
coolede01,Devin Cooley,1997-05-25,G,CGY
douglcu01,Curtis Douglas,2000-03-06,C,TBL
dunnejo01,Joshua Dunne,1998-12-08,C,BUF
ernead01,Adam Erne,1995-04-20,LW,DAL
finniem01,Emmitt Finnie,2005-06-27,C,DET
fleurca01,Cale Fleury,1998-11-19,D,SEA
fordpa01,Parker Ford,2000-07-20,F,WPG
geertma01,Mason Geertsen,1995-04-19,D,BUF
ginniad01,Adam Ginning,2000-01-13,D,PHI
gregono01,Noah Gregor,1998-07-28,C,FLA
haighhu01,Hunter Haight,2004-04-04,C,MIN
halonbr01,Brian Halonen,1999-01-11,F,NJD
harrijo01,Jordan Harris,2000-07-07,D,BOS
haydejo01,John Hayden,1995-02-14,C,SEA
jarrytr01,Tristan Jarry,1995-04-29,G,PIT
jonesza01,Zachary Jones,2000-10-18,D,NYR
jostty01,Tyson Jost,1998-03-14,C,NSH
kozakty01,Tyson Kozak,2002-12-29,C,BUF
labano01,Noah Laba,2003-08-04,C,NYR
lycksol01,Olle Lycksell,1999-08-24,RW,OTT
malotje01,Jeff Malott ,1996-08-07,F,LAK
mooreia01,Ian Moore,2002-01-04,D,ANA
petroal01,Alexander Petrovic,1992-03-03,D,DAL
pitlity01,Tyler Pitlick,1991-11-01,C,MIN
reinhco01,Cole Reinhardt,2000-02-01,LW,VEG
sassoma01,Max Sasson,2000-09-05,F,VAN
sebrado01,Donovan Sebrango,2002-01-12,D,2TM
solovil01,Ilya Solovyov,2000-07-20,D,COL
stastsp01,Spencer Stastney,2000-01-04,D,NSH
vielje01,Jeffrey Viel,1997-01-28,F,BOS
wiesboz01,Ozzy Wiesblatt,2002-03-09,RW,NSH
wintery01,Ryan Winterton,2003-09-04,C,SEA
steeval02,Alex Steeves,1999-12-10,F,BOS
koivuaa01,Aatos Koivu,2006-06-22,F,MTL
mazurca01,Carter Mazur,2002-03-28,LW,DET
blaissa01,Sammy Blais,1996-06-17,LW,TOR
gushcda01,Daniil Gushchin,2002-02-06,LW,SJS
ahcanja01,Jack Ahcan,1997-05-18,D,COL
aspirjo01,Jonathan Aspirot,1999-05-16,D,BOS
callami02,Michael Callahan,1999-09-23,D,BOS
capobky01,Kyle Capobianco,1997-08-13,D,DAL
cardwet01,Ethan Cardwell,2002-08-30,RW,SJS
cholode01,Dennis Cholowski,1998-02-15,D,NJD
dastoch01,Charle-Edouard D'Astous,1998-04-21,D,TBL
fensodo01,Domenick Fensore,2001-09-07,D,CAR
gauchja01,Jacob Gaucher,2001-03-09,F,PHI
gilespa01,Patrick Giles,2000-01-03,F,SJS
harkija01,Jansen Harkins,1997-05-23,C,ANA
jamesdo01,Dominic James,2002-07-03,C,TBL
jonesbe01,Ben Jones,1999-02-26,F,MIN
labatjo01,Joseph LaBate,1993-04-16,C,VAN
legauch01,Charles-Alexis Legault,2003-09-05,D,CAR
maceama01,Mackenzie MacEachern,1994-03-09,LW,VAN
makarta01,Taylor Makar,2001-03-13,LW,COL
mermida01,Dakota Mermis,1994-01-05,D,TOR
metsaza01,Zach Metsa,1998-10-19,D,BUF
meyerbe01,Ben Meyers,1998-11-15,F,SEA
minertr01,Trent Miner,2001-02-05,G,COL
moverja01,Jacob Moverare,1998-08-31,D,LAK
nystrjo01,Joel Nystrom,2002-05-14,D,CAR
warrema01,Marshall Warren,2001-04-20,D,NYI
kuzneya01,Yan Kuznetsov,2002-03-09,D,CGY
huntda01,Daemon Hunt,2002-05-15,D,MIN
koppajo01,Joona Koppanen,1998-02-25,LW,PIT
mayody01,Dyson Mayo,1996-08-17,D,CBJ
nielstr01,Tristen Nielsen,2000-02-23,F,COL
desimni01,Nick DeSimone,1994-11-21,D,UTA
sabousc01,Scott Sabourin,1992-07-30,F,TBL
bowmabr01,Braeden Bowman,2003-06-26,F,VEG
chmelja01,Jaroslav Chmelar,2003-07-20,RW,NYR
hodgsha01,Hayden Hodgson,1996-03-02,RW,OTT
katchbo01,Boris Katchouk,1998-06-18,LW,TBL
kerinro01,Rory Kerins,2002-04-12,C,CGY
skinnhu01,Hunter Skinner,2001-04-29,D,STL
whiteco03,Colton White,1997-05-03,D,NJD
davidja01,Jared Davidson,2002-07-07,C,MTL